{"cameraMode":{"drawMode":0,"name":"Shaded","section":"Shading Mode"},"sceneLighting":false,"audioPlay":false,"sceneViewState":{"m_AlwaysRefresh":false,"showFog":true,"showSkybox":false,"showFlares":true,"showImageEffects":true,"showParticleSystems":true,"showVisualEffectGraphs":true,"m_FxEnabled":true},"in2DMode":false,"pivot":{"x":-5.960464477539063e-8,"y":0.792919397354126,"z":-0.20748257637023927},"rotation":{"x":-0.06923889368772507,"y":0.022707317024469377,"z":-0.0016057018656283618,"w":-0.9973827600479126},"size":1.1836888790130616,"orthographic":true}