{"cameraMode":{"drawMode":0,"name":"Shaded","section":"Shading Mode"},"sceneLighting":true,"audioPlay":false,"sceneViewState":{"m_AlwaysRefresh":false,"showFog":true,"showSkybox":true,"showFlares":true,"showImageEffects":true,"showParticleSystems":true,"showVisualEffectGraphs":true,"m_FxEnabled":true},"in2DMode":false,"pivot":{"x":12.853270530700684,"y":2.1854114532470705,"z":-13.924299240112305},"rotation":{"x":0.006441829726099968,"y":0.8630234003067017,"z":-0.011870898306369782,"w":0.5053042769432068},"size":8.122027397155762,"orthographic":false}